{"cameraMode":{"drawMode":0,"name":"Shaded","section":"Shading Mode"},"sceneLighting":true,"audioPlay":false,"sceneViewState":{"m_AlwaysRefresh":false,"showFog":true,"showSkybox":true,"showFlares":true,"showImageEffects":true,"showParticleSystems":true,"showVisualEffectGraphs":true,"m_FxEnabled":true},"in2DMode":false,"pivot":{"x":19.461795806884767,"y":-4.76837158203125e-7,"z":2.074573516845703},"rotation":{"x":0.003705346956849098,"y":-0.9882880449295044,"z":0.15072771906852723,"w":0.024314479902386667},"size":15.06279182434082,"orthographic":false}